0	Daei
1	Ali Daei
2	Bican
3	Josef Bican
4	Sinclair
5	Christine Sinclair
6	Simon & Garfunkel
7	Paul Simon and Art Garfunkel
8	Art Garfunkel
9	Paul Simon
10	Dami Im
11	June 29, 2007
12	2004
13	June 29, 2007.
14	2004.
15	Richard Fish
16	Chris Rankin
17	James Phelps
18	Rupert Grint
19	Oliver Phelps
20	Domhnall Gleeson
21	six
22	38
23	6
24	Real Madrid and Liverpool
25	Liverpool
26	Real Madrid
27	Gareth Bale
28	Bale
29	Dua Lipa
30	Sean Paul
31	Dua Lipa and Sean Paul
32	2Cellos
33	Luka Šulić and Stjepan Hauser
34	Luka Šulić
35	2CΞLLOS
36	Stjepan Hauser
37	Louise Elizabeth Sawyer
38	Louise
39	Susan Sarandon
40	Susan Abigail Sarandon
41	Charlie Kelly
42	Charlie Day
43	16
44	7
45	5
46	Ruth Madoc
47	Carol Sawyer Yussel
48	a ghostly depiction of the late wife of Lazar Wolf
49	Jessica Vosk
50	July 9, 1991
51	1991 Major League Baseball All-Star Game
52	the 62nd playing of the midsummer classic
53	Sunbeam Alpine
54	1953 Sunbeam Alpine Mk I
55	Rootes Group
56	August 4, 2011
57	October 20, 2011
58	January 5, 2012
59	March 15, 2012
60	October 4, 2012
61	December 20, 2012
62	season 8
63	season 11
64	8
65	11
66	2390
67	1092
68	11,437
69	1995
70	September 10, 1995
71	1836
72	1836 onwards
73	February 1835
74	Heath Andrew Ledger
75	Heath Ledger
76	Ledger
77	Ethan Peck
78	Peck
79	Ethan Gregory Peck
80	freeware
81	Video editing software
82	Shivraj Singh Chauhan
83	Babulal Gaur
84	Uma Bharti
85	Babulal Gaur Yadav
86	Stealers Wheel
87	Gerry Rafferty
88	Joe Egan
89	Clea
90	Sonus
91	2
92	1953
93	1956
94	2000
95	2001
96	Diana Ross
97	Amerie
98	October 29, 2017
99	June 1, 2019
100	Paul the Apostle, with Timothy
101	not written by Paul but by an associate or disciple
102	Paul the Apostle
103	August 9, 2018
104	August 13, 2018
105	October 11, 2018
106	25
107	17
108	58
109	Venkaiah Naidu
110	Muppavarapu Venkaiah Naidu
111	Mohammad Hamid Ansari
112	Bhairon Singh Shekhawat
113	Asquith
114	1st Earl of Oxford and Asquith
115	H. H. Asquith
116	Herbert Henry Asquith
117	1st Earl Lloyd-George of Dwyfor
118	Lloyd George
119	David Lloyd George
120	Jerry Reed
121	University of Wisconsin–Madison
122	Wisconsin
123	the Badgers
124	Wisconsin Badgers
125	NC State
126	the Wolfpack
127	NC State Wolfpack
128	North Carolina State University
129	University of Connecticut
130	the Huskies
131	UConn
132	UConn Huskies
133	North Carolina State
134	Connecticut
135	Christine Margaret Sinclair
136	December 6, 1865
137	February 1865
138	Qatar
139	Capetown,  South Africa
140	Bill Pertwee
141	Martin Savage
142	William Desmond Anthony Pertwee
143	William Desmond Anthony Pertwee, MBE
144	Stephen Curry
145	LeBron James
146	Lebron James
147	Chavez
148	César Estrada Chávez
149	Cesar Chavez
150	Agricultural Workers Organizing Committee
151	James Earl Jones
152	Brock Peters
153	Ben Burtt
154	Jeanne Calment
155	Sarah Knauss
156	Jeanne Louise Calment
157	Augusta Holtz
158	Mathew Beard
159	18 January
160	Christmas Day
161	25 December
162	5 January
163	December 25
164	January 5
165	2016
166	Jimmy Durante.
167	Billie Holiday
168	Jimmy Durante
169	Jewish disciples of Christ
170	Jewish Christians
171	Luke
172	Matthew, Mark, Luke, John
173	Paul of Tarsus
174	James, a servant of God
175	Peter, an apostle of Jesus Christ
176	parallel construction
177	parallelism
178	Parallel syntax
179	Schesis onomaton
180	1908 World Series
181	October 14, 1908
182	October 14 1908
183	Joel Tobeck
184	Craig Hall
185	Rodger Corser
186	Macbeth
187	Seattle area
188	Padua High School
189	Stadium High School
190	Tacoma, Washington
191	Wes Mack
192	Wesley MacInnes
193	Dan + Shay
194	Dan Smyers
195	Shay Mooney
196	The Doobie Brothers
197	Emerson Drive
198	Bastian Baker
199	Bastien Kaltenbacher
200	Leahy
201	The Leahy Family
202	Shane Minor
203	Shane Allen Minor
204	July 21, 2018
205	August 26 - December 4 2017
206	August 26, 2017 - December 4, 2017
207	370
208	186
209	100
210	162
211	153
212	lipid panel
213	Lipid profile
214	Emulsion test
215	Lipid panel test
216	Bob Brown
217	Wally Johnson
218	Lil Jon & the East Side Boyz
219	Ying Yang Twins
220	David Fielding
221	Robert L. Manahan
222	Nicholas Bell
223	28 July 1923
224	26 October 1928
225	Gregory and Matthew
226	the Ferreira triplets
227	Hector
228	prince
229	Thomas J. Agnos
230	Joe Arpaio
231	Paul Penzone
232	Hōshi Ryokan
233	Hōshi
234	Nishiyama Onsen Keiunkan
235	11 March 1941
236	Lend-Lease Act
237	11 September 1941
238	7 December 1941
239	attack on Pearl Harbor
240	Beyoncé Giselle Knowles-Carter
241	Beyoncé Knowles
242	Walter Afanasieff
243	flor de muertos
244	cempasúchil
245	Ethan Winters
246	a civilian with few combat skills
247	BSAA agent Chris Redfield
248	Chris Redfield
249	Joe Baker
250	Zoe's uncle
251	Lieutenant Governor of Texas
252	The Lieutenant Governor of Texas
253	Dan Patrick
254	Dan Goeb Patrick
255	David Dewhurst
256	David Henry Dewhurst
257	Bill Ratliff
258	William Roark Ratliff
259	an unidentified individual
260	Andrew
261	Markice Moore
262	Mondelēz International
263	Cadbury
264	Cadbury Schweppes
265	Craig Sams
266	Josephine Fairley
267	Craig Sams, Josephine Fairley
268	formerly kraft foods
269	Fine Gael–Labour Party coalition
270	Fine Gael
271	Labour Party
272	Independent
273	Fianna Fáil
274	the Green Party
275	the Progressive Democrats
276	3100 West River Parkway, Minneapolis, Minnesota 55406
277	4200 West River Parkway, Minneapolis, Minnesota, 55406
278	Myles Lorenz Garrett
279	Myles Garrett
280	Cleveland Browns
281	Texas A&M
282	Southeastern Conference
283	SEC
284	Dallas Carter
285	David W. Carter High School
286	Dallas Carter High School
287	David Wendel Carter High School
288	East Dillon Lions
289	East Dillon
290	East Dillon High
291	Krantivira Sangolli Rayanna Bengaluru Railway Station
292	Bengaluru City railway station
293	South Bangalore City railway station
294	New York Yankees
295	Yogi Berra
296	Joe McCarthy and Casey Stengel
297	Frankie Crosetti
298	Park Hye-su
299	Lee Na-yoon
300	Ji Woo
301	Amelia Crouch
302	Anne Hathaway
303	Anaïs Nin
304	Patricia Louisianna Knop
305	Elisa M. Rothstein
306	Elena Martin
307	Audie England
308	disease
309	smallpox
310	diseases
311	epidemic
312	conquistadors
313	Spanish conquest
314	December 14, 1987
315	February 8, 2003
316	September 29, 2012
317	Vibranium
318	Vibranium-steel alloy
319	Steel
320	Vibranium, steel alloy, and an unknown catalyst
321	blood
322	gold and silver
323	gems
324	1037
325	1194
326	overall mediocrity of the Cardinals
327	old stadium
328	game attendance to dwindle
329	Adam Robert and Jacob Joseph Worton
330	Verne Troyer
331	Verne Jay Troyer
332	Adam Robert
333	Jacob Joseph Worton
334	Willie Nelson
335	Karen Carpenter
336	Ray Charles
337	Sparta, Illinois
338	Union City
339	Dyersburg and Union City, Tennessee
340	Dyersburg
341	Chest
342	Chester, Illinois
343	Freeburg
344	Freeburg, Illinoi
345	Woody
346	Tom Hanks
347	Thomas Jeffrey Hanks
348	Wheezy
349	Robert Goulet
350	Robert Gérard Goulet
351	Gipsy Kings
352	the Gipsy Kings
353	12 September 2017
354	13 September 2016
355	15 September 2015
356	Constance Billard school
357	New York University, Columbia University
358	Columbia University
359	Constance Billard School for Girls
360	Upper East Side
361	New York City
362	June 5, 1933
363	1971
364	Chicago blues
365	British blues
366	swallowing
367	peristalsis
368	Danish bacteriologist
369	Hans Christian Joachim Gram
370	Hans Christian Gram
371	Paul Ehrlich
372	Inner Core
373	Lithosphere
374	Mantle
375	October 15, 1997
376	November 13, 1997
377	Olympiastadion
378	Olympiastadion Berlin
379	Berlin, Germany
380	Berlin
381	unnamed author
382	Moses
383	JEDP
384	Ezra
385	Kaycee Clark
386	Sarah Harding
387	the Union
388	Union
389	George Brinton McClellan
390	McClellan
391	George B. McClellan
392	Thomas A. Morris
393	Duval
394	Morris
395	Isaac Duval
396	Thomas A. Morris and Isaac Duval
397	2nd West Virginia Infantry (reserve)
398	14th Ohio Infantry
399	1st West Virginia Infantry, 2nd West Virginia Infantry (reserve), 6th Indiana Infantry, 7th Indiana Infantry, 9th Indiana Infantry, 14th Ohio Infantry
400	1st West Virginia Infantry
401	7th Indiana Infantry
402	6th Indiana Infantry
403	9th Indiana Infantry
404	before or after Easter
405	from March to April
406	week of the third Monday in April
407	2070 BC
408	221 BC
409	Xia dynasty
410	Warring States period
411	Hugh Beaumont
412	John Alvin
413	Karl Swenson and George O. Petrie and John Alvin
414	George O. Petrie
415	Karl Swenson
416	Richard Deacon
417	Lyle Talbot
418	August 15, 2012
419	May 9, 2010
420	outer bailey wall in stone, and Mortimer's and Lunn's Towers
421	improved the castle's water defences by damming the Finham and Inchford Brooks
422	Wendy Frazier
423	Danièle Arnaud
424	Jeana Tomasino
425	Kymberly Herrin
426	Morris Mac Davis
427	Mac Davis
428	Rick James
429	Langston Hughes
430	Harlem
431	A Dream Deferred
432	a black family in south Chicago
433	Scott Fischer
434	Rob Hall, Doug Hansen, Andrew Harris and Yasuko Namba
435	Dorje Morup, Tsewang Paljor, and Tsewang Samanla.
436	UCF vs Auburn
437	Georgia vs Oklahoma
438	Alabama vs Clemson
439	1978
440	2022
441	David Charvet
442	Zac Efron
443	four minutes
444	three minutes
445	Jarry Park Stadium
446	Stade Du Maurier
447	Stade IGA
448	Stade Uniprix
449	Du Maurier
450	Uniprix
451	Sylva, North Carolina
452	Black Mountain, North Carolina
453	Phil LaMarr
454	Laurence Fishburne
455	during a stoppage in play and with the permission of the referee
456	three substitutions during a game and a fourth substitute during extra time
457	J. B. Kripalani
458	Jivatram Bhagwandas Kripalani
459	Acharya Kripalani
460	Purushottam Das Tandon
461	Sir Thomas Malory
462	Thomas Malory
463	Thomas Malleorre
464	"Knyght presoner Thomas Malleorre"
465	Knyght presoner Thomas Malleorre
466	"Sir Thomas Maleore"
467	Sir Thomas Maleore
468	Thomas Maleore
469	Benjamin Burtt Jr.
470	Brock G. Peters
471	George Fisher
472	George Harrison
473	Harrison
474	John Lennon
475	John Lennon and Paul McCartney
476	Paul McCartney
477	Anteros
478	statue of Anteros
479	Shaftesbury Memorial Fountain
480	Eros
481	Statue of Anteros
482	Timpani
483	timps
484	tympany
485	timpany
486	tympani
487	Linda McMahon
488	Linda Marie McMahon
489	Joseph Loddo
490	Maria Contreras-Sweet
491	Loddo
492	Contreras-Sweet
493	$4.525 billion
494	more than $65 billion
495	$18.7 billion
496	$65 billion
497	c. 3.3 million years ago
498	prior to the Paleolithic age
499	3400 years ago
500	Paul Overstreet
501	Paul Lester Overstreet
502	Don Schlitz
503	Donald Alan Schlitz Jr.
504	Margot Robbie
505	Tara Strong
506	Manchester
507	Marsden
508	Toronto, Ontario
509	Toronto, Ontario, Canada
510	Toronto
511	Suhasi Goradia Dhami
512	Suhasi Dhami
513	Pooja Bose
514	Puja Banerjee
515	Sonarika Bhadoria
516	Soviet communism in Latin America, Africa and worldwide
517	marginal income tax rate on the wealthiest Americans
518	federal spending, especially in anti-poverty programs
519	Fédération Internationale de Football Association
520	211
521	International Federation of Association Football
522	1993–94
523	1994 Stanley Cup Finals
524	June 14 1994
525	1993–94 NHL season.
526	1939–40 NHL season.
527	1927–28 NHL season.
528	reduce the likelihood and severity of collisions greatly
529	traffic is permitted to flow in one direction around a central island
530	potentially leads to less pollution
531	mid-2061 to 2062
532	every 75–76 years
533	Seattle SuperSonics
534	Supersonics
535	Seattle
536	second overall
537	second
538	University of Texas
539	Mikael Persbrandt
540	Michael Gough
541	Elmer Fudd
542	Renegade Sam
543	Yosemite Sam
544	Egghead
545	Elmer J. Fudd
546	F.H. Ramadge
547	Albert Schatz, Elizabeth Bugie, and Selman Waksman
548	Walsh McDermott
549	Piero Sensi and Maria Teresa Timbal
550	Sensi, Timbal
551	Lepetit Pharmaceuticals
552	Albert Calmette and Camille Guérin
553	2026
554	2030 or 2032
555	by 2026
556	November 13
557	November 14
558	November 16
559	Mark Lowry
560	Mark Alan Lowry
561	Buddy Greene
562	Amendment XIV
563	Fourteenth Amendment
564	Fourteenth Amendment to the United States Constitution
565	Amendment XV
566	Fifteenth Amendment
567	Fifteenth Amendment to the United States Constitution
568	Carlton
569	Essendon
570	Essendon and Carlton
571	Melbourne
572	Richmond
573	Adelaide
574	Nights of Cabiria
575	Federico Fellini
576	May, 1996
577	October 15, 1998
578	May 1996
579	Andy Grammer
580	Andrew Charles Grammer
581	Ben Howard
582	Benjamin John "Ben" Howard
583	Benjamin John Howard
584	Girls Can't Catch
585	2pac
586	Tupac
587	Tupac Amaru Shakur
588	Lesane Parish Crooks
589	Makaveli
590	July 17, 1984
591	October 1986
592	National Fascist Party
593	Benito Mussolini
594	Italian fascists
595	PNF
596	Partito Nazionale Fascista
597	Benito Amilcare Andrea Mussolini
598	King Félix
599	Félix Abraham Graham Hernández García
600	Félix Hernández
601	Roy Halladay
602	Harry Leroy "Roy" Halladay III
603	Doc
604	Mark Buehrle
605	Felix Hernandez
606	Matt Cain
607	Philip Humber
608	July 19, 2006
609	2007
610	March 17, 2008
611	1 July 2006
612	21 June 2002
613	1 July 1990
614	2019
615	W. C. Handy
616	William Christopher Handy
617	Charley Patton
618	Charlie Patton
619	Muddy Waters
620	McKinley Morganfield
621	1943
622	November 24, 2014
623	December 12, 1988
624	November 13, 1998
625	October 7, 2008
626	Gulf of California
627	Vermilion Sea
628	Sea of Cortés
629	Sea of Cortez
630	Pacific Ocean
631	The Gulf of California
632	Vermilion Se
633	Manuel Rosas
634	Manuel Rosas Sánchez
635	Mexico
636	Mexico national football team
637	Govind Mathur
638	Dilip Babasaheb Bhosale
639	Dhananjaya Y. Chandrachud
640	Shiva Kirti Singh
641	Avonlea on Prince Edward Island, Canada
642	Prince Edward Island
643	Avonlea, Prince Edward Island
644	a farm
645	May 25, 1994
646	Season 4 episode 22
647	$2 Billion USD
648	$300 Million USD
649	$1.2 Billion USD
650	Season 5 Episode 9
651	Frame Toby
652	November 20, 2008
653	Darryl Keen
654	Chris Bigland
655	Mallikarjun Kharge
656	Mallikarjun Kharge and K V Thomas
657	K V Thomas
658	August 28, 2015
659	August 20, 2013
660	September 13, 2011
661	19th FIFA World Cup
662	2010 FIFA World Cup
663	11 July 2010
664	September 3, 2006
665	15th FIBA World Championship
666	2006 FIBA World Championship
667	Theodore Roosevelt
668	President Theodore Roosevelt
669	Congress
670	59th United States Congress
671	Senate
672	The House
673	superior orbital fissure and supraorbital notch
674	passes through the orbit superiorly
675	through the nasal bones
676	through the anterior ethmoidal foramen
677	69.5
678	91.5
679	motor unit
680	skeletal
681	skeletal muscle
682	February 13, 1996
683	October 21, 2002
684	November 12, 2002
685	June 20, 2011
686	February 9, 2015
687	February 13, 2015
688	Barcelona
689	Futbol Club Barcelona
690	FC Barcelona
691	Barça
692	Francisco Liaño
693	Francisco Liaño Fernández
694	Liaño
695	Zubizarreta
696	Andoni Zubizarreta Urreta
697	Andoni Zubizarreta
698	26
699	233
700	John O'Sullivan
701	Jane Cazneau
702	extending the area of freedom
703	"a sense of mission to redeem the Old World by high example ... generated by the potentialities of a new earth for building a new heaven
704	2 September to 6 September 1666
705	Sunday , 2 September
706	bald eagle
707	elk and moose
708	Elk
709	Moose
710	Eagle
711	Izzie Stevens
712	Izzie
713	Katherine Heigl
714	Katherine Marie Heigl
715	April Kepner
716	Sarah White Drew
717	Sarah Drew
718	Webber
719	Richard Webber
720	James Pickens Jr.
721	Peter Anthony Allen
722	Peter Allen
723	Allen
724	Gwynne Owen Evans
725	Evans
726	February 26, 2006
727	"What Have I Done to Deserve This?" (2.19)
728	September 21, 2006
729	"Time Has Come Today" (3.01)
730	Soviet Ruble
731	SUR
732	RUB
733	Russian Ruble
734	RUR
735	Russian ruble
736	rouble
737	Soviet ruble
738	Kerensky rubles
739	Kerenski
740	October 31, 2018
741	December 5, 2019
742	January 3, 2019
743	February 6, 2020
744	4 July 1954
745	7 July 1974
746	8 July 1990
747	Emmanuel Goldstein
748	a committee that included himself
749	a committee
750	At the opening of the Easter Vigil
751	opening of the Easter Vigil
752	Easter season
753	Easter
754	during baptisms
755	during funeral services
756	throughout Easter season
757	Baptisms
758	Mass of Requiem
759	Mass of Repose
760	funeral services
761	Emory S. Bogardus
762	Robert E. Park
763	Davison
764	Karl Landsteiner
765	Landsteiner
766	Karl Landsteiner and Alexander S. Wiener
767	Alexander S. Wiener
768	June 1775
769	spring of 1776
770	March 17, 1778
771	Speaker
772	the Speaker
773	Deputy Speaker of the Lok Sabha
774	Deputy-Chairman of the Rajya Sabha
775	Roman Senate
776	House of Peers
777	House of Lords
778	Lords
779	A:Equal distribution of the states
780	equal apportionment
781	0
782	Hollywood Chamber of Commerce
783	Hollywood Historic Trust
784	selection committee
785	Hollywood Chamber of Commerce Walk of Fame selection committee
786	Frank John Gorshin Jr.
787	Frank Gorshin
788	John Astin
789	John Allen Astin
790	Emma Stone
791	Emily Jean Stone
792	Emily Jean "Emma" Stone
793	Gwendolyne Maxine Stacy
794	beyond 72° north
795	beyond 72°
796	Buckwheat Boyz
797	a Flash-animated music video featuring a dancing banana
798	Mrs. Loud
799	Lorraine Crosby
800	Dana Patrick
801	Patti Russo
802	3 September 2017
803	4 September 1988
804	12 April 1957
805	1985
806	1988
807	16 December 2007
808	Jake
809	Jake Ryan
810	Jesse
811	spring harvest season
812	spring
813	love
814	February 14, 2018
815	January 18, 2018
816	summer 2016
817	May 28, 2013
818	2011
819	September 12, 2017
820	September 5, 2017
821	August 29, 2017
822	Rafael Nadal
823	Novak Djokovic
824	Stan Wawrinka
825	Ryan Harrison
826	Michael Venus
827	Marc López
828	Feliciano López
829	Ivan Dodig
830	Marcelo Melo
831	Anthony Rendon
832	Toni Atkins
833	Toni G. Atkins
834	John Pérez
835	John A. Pérez
836	Lonnie
837	Redden
838	Billy Redden
839	Eric Weissberg and Steve Mandell
840	Steve Mandell
841	Eric Weissberg
842	Miami, Florida, United States
843	Miami, Florida
844	Miami
845	The Buckwheat Boyz
846	Piye
847	Djoser
848	Warwick Ashley Davis
849	Warwick Davis
850	Dylan Postl
851	Dylan Mark Postl
852	Linden Porco
853	Sydney Cove
854	Liberty Plains
855	the suburbs of Strathfield and Homebush
856	Barcelona and Real Madrid
857	Gary Oldman
858	Gary Leonard Oldman
859	Caleb Casey McGuire Affleck-Boldt
860	Casey Affleck
861	Leonardo Wilhelm DiCaprio
862	Leonardo DiCaprio
863	Treaty of Mesilla
864	Derek Hough
865	Bindi Irwin
866	Bindi Sue Irwin
867	Eva Igo
868	Swing Latino
869	Eva Igo, Les Twins, and Swing Latino.
870	Les Twins
871	Charity & Andres
872	The Lab
873	Charity & Andres, The Lab, Michael Dameski, and S-Rank
874	Michael Dameski
875	S - Rank
876	VPeepz, Kings United, Unity LA, Briar Nolet, and Ellie & Ava
877	Winston cigarettes
878	Winston
879	Miles Laboratories
880	Miles Laboratories and their One-A-Day vitamin brand
881	Teddy Bishop
882	Toni Braxton
883	Bryan-Michael Cox
884	Echinocereus pentalophus
885	Mammillaria elongata
886	Abelmoschus esculentus
887	Musa acuminata
888	"The Word Is Bravery!"
889	合言葉は勇気!
890	"Aikotoba wa Yūki!"
891	51
892	October 11, 2011
893	26 June 2007
894	6 June 2005
895	Early 2006
896	June 2007
897	January 2, 2020
898	Viscount Raoul de Chagny
899	Raul
900	Raoul
901	Raoul de Chagny
902	Vicomte Raoul de Chagny
903	neither one of them
904	Rebecca Donaldson Katsopolis
905	Rebecca Donaldson "Becky" Katsopolis
906	Lori Loughlin
907	Lori Anne Loughlin
908	Becky
909	Loughlin
910	the Shrine Auditorium
911	Los Angeles, California
912	Los Angeles
913	Waxahachie, Texas
914	Waxahachie, Texas, on Jack Davis' farm
915	Deb
916	Deb Scott
917	Barbara Alyn Woods
918	Keith
919	Deb lee
920	August 1876
921	1885
922	Azmi
923	Shabana Azmi
924	Hindi
925	Sykes
926	Paddy
927	Terrier
928	Baelfire
929	Neal Cassidy
930	Michae Raymond-James
931	Killian Jones
932	Hook
933	Colin O'Donoghue
934	Ted Ray
935	Harry Vardon
936	Louis Tellier
937	Pat Doyle
938	John McDermott
939	Walter Hagen
940	Jim Barnes
941	Macdonald Smith
942	Herbert Strong
943	1662
944	1663
945	No
946	one of the first
947	no
948	Hell's Angels (41-24577) of the 303rd Bomb Group completed 25 combat missions on 13 May 1943, becoming the first B-17 to complete the feat, one week before the Memphis Belle
949	Hell's Angels
950	I'm Sorry by John Denver
951	Daydreams About Night Things by Ronnie Milsap
952	Do it Any Way You Wanna by People's Choice
953	Mendocino, California
954	West Coast of the US
955	Northern Virginia
956	Hudson River
957	Virginia
958	New England
959	Dennis Quaid and Natasha Richardson
960	Brian Keith and Maureen O'Hara
961	Brian Keith
962	Maureen O'Hara
963	Dennis Quaid
964	Natasha Richardson
965	Apto para mayores de 18 años
966	Suitable for over 18 years
967	adults aged 18 or older
968	drug references and/or use
969	Drugs
970	Suggestive dialogue
971	Sexual or suggestive dialogue
972	6 February 1952
973	20 June 1837
974	1 May 1707
975	8 March 1702
976	13 February 1689
977	17 November 1558
978	August 1978
979	eleventh season
980	Season 11
981	eighth season
982	Season 8
983	the eighth season
984	one
985	five
986	General Electric
987	ExxonMobil
988	Brenda
989	Ethel "Edy" Proctor
990	Status Quo
991	Joan Baez
992	Coldstream Guards
993	Bernard Watson
994	Latitude
995	parallels
996	Arctic Circle
997	Antarctic Circle
998	Arctic Circle, Tropic of Cancer, Tropic of Capricorn, and Antarctic Circle
999	Tropic of Capricorn
1000	Tropic of Cancer
1001	John Powell
1002	Jón Þór "Jónsi" Birgisson
1003	Ralph Edwards
1004	NBC
1005	Aloe Blacc
1006	Egbert Nathaniel Dawkins III
1007	Nelson
1008	1945
1009	1961
1010	June, 1979
1011	1980-81 season
1012	1987
1013	October 2016
1014	May 30, 2017
1015	262
1016	532
1017	1948
1018	Maureen Robinson
1019	Molly Parker
1020	Hiroki Watanabe
1021	Cary-Hiroyuki Tagawa
1022	Cædmon's Hymn
1023	Beowulf
1024	Dan Penn, Carson Whitsett, Hoy Lindsey
1025	Grammer, Bram Inscore, Torrey, and Sam Farrar
1026	Dan Penn and Carson Whitsett with Hoy Lindsey
1027	Stephen Marchant
1028	Nick Brimble
1029	Nicholas Brimble
1030	The Who
1031	Decca
1032	Kit Lambert
1033	adventure comedy-drama
1034	Adventure
1035	Young Adult
1036	young adult fiction
1037	young adult
1038	YA
1039	Cynthia Watros
1040	Jenny McCarthy
1041	Brett Butler 
1042	 Brett Anderson
1043	Anna Gunn
1044	17 November 2017
1045	December 28, 2017
1046	December 21, 2017
1047	December 14, 2017
1048	March 23, 2019
1049	October 21, 2018
1050	aortic valve closure
1051	A2
1052	P2
1053	pulmonary valve closure
1054	reverberation
1055	reverb
1056	1966
1057	1966 FIFA World Cup Final
1058	30 July 1966
1059	November 5
1060	November 6
1061	November 1
1062	first Sunday in November
1063	Chris Pratt
1064	Christopher Michael Pratt
1065	Wyatt Oleff
1066	Will Friedle
1067	The Pussycat Dolls
1068	Busta Rhymes
1069	Alamaze
1070	Tori Alamaze
1071	San Francisco
1072	Chase Center
1073	Ansh Bagri
1074	Lekha Prajapati
1075	Gerald Scarfe
1076	Peter Biziou
1077	KSHI-JV
1078	Kumagai-Skanska-HCC-Itochu Joint Venture
1079	Herbert Baker
1080	Bradley Cooper
1081	Nolan North
1082	Trevor Devall
1083	10
1084	Sittler
1085	Darryl Sittler
1086	Darryl Glen Sittler
1087	Malone
1088	Joe Malone
1089	Maurice Joseph "Phantom Joe" Malone
1090	Crosby
1091	Sidney Crosby
1092	Sidney Patrick Crosby
1093	"Sid the Kid"
1094	members of Parliament
1095	European People's Party (EPP) and Party of European Socialists (PES)
1096	30 August 1963
1097	September 1963
1098	1958
1099	November 1964
1100	United States
1101	Japan
1102	Germany
1103	Spain
1104	Italy
1105	wave steepnes
1106	Airy wave theory
1107	spiral arms
1108	four spiral arms
1109	5-kpc ring
1110	April 12, 1971
1111	February 1971
1112	November 25, 1985
1113	Mayuresh Kshetramade
1114	Swapnil Joshi
1115	Perin Monish Malde
1116	Rishabh Sharma
1117	Johannes Bell
1118	Bell
1119	Müller
1120	Hermann Müller
1121	565
1122	17 months
1123	March 15, 2015 until August 21, 2016
1124	Computer Ethics Institute
1125	the Computer Ethics Institute
1126	Ramon C. Barquin
1127	Michael Vick
1128	Tracy Ham
1129	Keenan Reynolds
1130	Matt Cannon
1131	Jason Vander Laan
1132	Ayrton Scott
1133	Brian Jones
1134	Jones
1135	Mick Taylor
1136	Taylor
1137	Keith Richards
1138	Richards
1139	Ronnie Wood
1140	Wood
1141	Seventh-generation
1142	7th generation
1143	7th
1144	Seventh-generation iPad
1145	Seventh
1146	iPad Educational
1147	3rd
1148	5th
1149	500 to 600 sq ft
1150	110 sq ft
1151	200 to 450 square feet
1152	500 to 600
1153	110
1154	200 to 450
1155	uterine lining
1156	fundus
1157	1999
1158	Brenden Pedder
1159	Oscar Isaac
1160	sound stage
1161	Burbank, California
1162	Garrison, Colorado
1163	Iron River Ranch
1164	Ouray and San Miguel Counties
1165	Ouray, Colorado
1166	Norwood
1167	Sara Canning
1168	Eva Bourne
1169	December 13, 2017
1170	December 6, 2017
1171	November 29, 2017
1172	May 26, 2017
1173	February 15, 2016
1174	March 16, 2015
1175	January 17, 1920
1176	Midnight
1177	Laura Pierson & Tyler Adams
1178	Team SoCal
1179	Blind date couple
1180	The Contours
1181	Gordy
1182	Billy Gordon
1183	Gordon
1184	Tevye
1185	Golde
1186	Tevye and his wife Golde
1187	Haym Topol
1188	Norma Crane
1189	Topol
1190	Crane
1191	Chaim Topol and Norma Crane
1192	Khal Drogo
1193	Drogo
1194	Hizdahr zo Loraq
1195	Judi Bowker
1196	Alexa Davalos
1197	Rosamund Pike
1198	Tim Paterson
1199	Microsoft
1200	Alan Merrill
1201	Arrows
1202	Joan Jett & The Blackhearts
1203	The Jesus and Mary Chain
1204	Jim Reid
1205	Tizen OS
1206	Samsung Smart TV (Orsay OS)
1207	Orsay
1208	Orsay OS
1209	Tizen
1210	Tizen OS for TV
1211	XLIII
1212	Super Bowl XLIII
1213	2008 season
1214	February 1, 2009
1215	Ferdinand Magellan
1216	Juan Sebastián Elcano
1217	November 8, 1965
1218	1992
1219	nuclear transmutation
1220	transmutation
1221	neutron capture and beta decay
1222	neutron capture
1223	beta decay
1224	Don Diamont
1225	Russell Todd
1226	The Titan
1227	The New Texas Giant
1228	The Texas Giant
1229	Texas SkyScreamer
1230	Superman: Tower of Power
1231	The Alan Parsons Project
1232	Eric Woolfson
1233	Eric Norman Woolfson
1234	June 14, 2017
1235	June 30, 2017
1236	January, 1933
1237	February 2002
1238	while they were in Jerusalem celebrating the Feast of Weeks
1239	the feast of weeks
1240	Whitsun
1241	Pentecost
1242	White Sunday
1243	fifty days after Easter Sunday
1244	Whitsunday
1245	Glenorchy
1246	Queenstown and Glenorchy, in Otago, on the South Island of New Zealand
1247	Queenstown
1248	Moke Lake
1249	Closeburn, Queenstown, South Island
1250	Sydney, Australia
1251	Queenstown and Glenorchy
1252	Queenstown and Glenorchy, in Otago
1253	Sydney
1254	"Baby"
1255	"Friday"
1256	Eduardo J. Padrón
1257	Eduardo José Padrón
1258	Robert McCabe
1259	Robert H. McCabe
1260	Peter Masiko
1261	Rolando Montoya
1262	Montoya
1263	1946 Broadway musical Annie Get Your Gun
1264	Irving Berlin
1265	Charles Philip Arthur George
1266	Prince of Wales
1267	Charles
1268	Charles, Prince of Wales
1269	Parker Bowles
1270	Camilla Rosemary Shand
1271	Camilla, Duchess of Cornwall
1272	Duchess of Cornwall
1273	Rio de Janeiro, Brazil
1274	Rio de Janeiro
1275	Rio
1276	Johannesburg
1277	Johannesburg, South Africa
1278	Maracanã Stadium
1279	Maracanã Stadium, Rio de Janeiro
1280	The Calabash
1281	First National Bank Stadium
1282	Soccer City
1283	Soccer City, Johannesburg
1284	FNB Stadium
1285	Olympiastadion, Berlin
1286	Olympiapark Berlin
1287	Doha
1288	Lusail
1289	Al Wakrah
1290	Al Rayyan
1291	Al Khor
1292	Lusail, Al Khor, Al Rayyan, Al Wakrah, and Doha
1293	March 26,1982
1294	1982
1295	November 13,1982
1296	every 10 years
1297	every 5 years
1298	Charles Philippe
1299	Charles X
1300	Louis-Philippe I
1301	the late Pleistocene and early Holocene
1302	4,000 years ago
1303	marble mask
1304	mask
1305	Ogenus
1306	Ogen
1307	Oceanus
1308	drain cover in the nearby Temple of Hercules Victor
1309	drain cover
1310	drain the blood of cattle sacrificed to the god Hercules
1311	Olympic Peninsula
1312	Grays Harbor
1313	Jefferson
1314	Mason
1315	Clallam
1316	Hull City, Middlesbrough and Sunderland
1317	Newcastle United, Norwich City, and Aston Villa
1318	Hull City, Burnley Queens, and Park Rangers
1319	orchids of the genus Vanilla
1320	The fruit, a seed capsule, if left on the plant
1321	phenolic compounds
1322	Roman Republic
1323	Þingvellir in Iceland
1324	Lefty Frizzell
1325	William Orville "Lefty" Frizzell
1326	Jim Beck
1327	James Albert Beck
1328	Jamie T
1329	Jamie Alexander Treays
1330	Merry Clayton
1331	Lisa Fischer
1332	Mother Teresa
1333	Khan Abdul Ghaffar Khan
1334	Omega Theta Pi
1335	Delta Tau Chi
1336	Zeta Beta Tau and Alpha Delta Phi
1337	Bertier
1338	Gerry Bertier
1339	Ryan Hurst
1340	Hurst
1341	Democritus
1342	Epicurus
1343	Leucippus
1344	Mickey Thomas
1345	T. G. Sheppard
1346	William Neal Browder
1347	Western European Summer Time
1348	British Summer Time
1349	Greenwich Mean Time
1350	Greenwich Mean Time (GMT)
1351	Western European Time (UTC)
1352	Western European Time
1353	UTC±00:00 (GMT)
1354	UTC+01:00 (BST)
1355	Eastern Time Zone
1356	April 12, 1961
1357	June 1944
1358	Cohasset
1359	Marblehead
1360	Scituate
1361	Ipswich
1362	Ipswich, Massachusetts
1363	Wang Center in Boston
1364	Boston
1365	Greystone Mansion in Beverly Hills
1366	Beverly Hills
1367	the Warner Bros. backlot
1368	Warner Bros. backlot
1369	1973
1370	1983
1371	Phillip "Lip" Gallagher
1372	Lip Gallagher
1373	Lip
1374	Jody Latham
1375	Jody Lee Latham
1376	Terry Milkovich
1377	Dennis Cockrum
1378	October 12, 2001
1379	February 12, 2012
1380	April 23, 2012
1381	November 2, 2001
1382	Dario Cologna
1383	Johan Olsson
1384	Daniel Richardsson
1385	Switzerland
1386	Sweden
1387	Latin for "Roman Peace"
1388	Roman Peace
1389	increased and sustained inner hegemonial peace and stability
1390	greatest territorial extent and its population reached a maximum
1391	200-year-long period with sustained inner hegemonial peace and stability
1392	China
1393	3
1394	Clock Tower
1395	Elizabeth Tower
1396	The Elizabeth Tower
1397	the Clock Tower
1398	July 6, 2013
1399	around July 6, 2013
1400	February 11, 2016
1401	February 17, 2016
1402	February 17
1403	Adam Wainwright
1404	Max Brown
1405	Daniel Weyman
1406	April 30, 1803
1407	October 21, 1803
1408	J Star
1409	Meet Bros, Arijit Singh, and Neha Kakkar
1410	Meet Bros
1411	Arijit Singh
1412	Neha Kakkar
1413	Kriti Sanon and Sushant Singh Rajput
1414	Kurt Browning
1415	Miki Ando
1416	Mark Cockerell
1417	Justin Scott Hartley
1418	Stephen Adam Amell
1419	Stephen Amell
1420	Justin Hartley
1421	May 6, 1957
1422	May 6 , 1957
1423	April 1, 1960
1424	Stealers Wheel .
1425	Leif Garrett
1426	Juice Newton
1427	Romano-Britains
1428	Magnus Maximus
1429	July 4, 1827
1430	1799
1431	April 1777
1432	September 3, 1783
1433	$30,000
1434	$15,000
1435	$2,500
1436	Roselle
1437	Abdulkadir Mohamed Adan
1438	Triumph Herald
1439	the Triumph Herald
1440	29%
1441	33.3
1442	19.93
1443	1969
1444	Brandenburg v. Ohio, 395 U.S. 444 (1969)
1445	Clarence Brandenburg v. State of Ohio
1446	Brandenburg v. Ohio
1447	April 23, 2018
1448	April 27, 2018
1449	Honeybus
1450	Equipe 84
1451	J. Vincent Edwards
1452	the Sideburns
1453	Sideburns
1454	David Essex OBE
1455	David Albert Cook
1456	David Essex
1457	1,056,841
1458	125,000
1459	Trent Harmon, La'Porsha Renae
1460	Nick Fradiani, Clark Beckham
1461	Caleb Johnson, Jena Irene
1462	La'Porsha Renae
1463	Trent Harmon
1464	Clark Beckham
1465	Nick Fradiani
1466	Caleb Johnson
1467	Jena Irene
1468	pegged exchange rate
1469	fixed exchange rate
1470	gold standard
1471	Pasek and Paul
1472	Benj Pasek and Justin Paul
1473	2 February 1848
1474	February 2, 1848
1475	30 May 1848
1476	July 4, 1848
1477	February 15, 2020
1478	February 22, 2020
1479	February 29, 2020
1480	1993
1481	first published in 1978
1482	1992-93
1483	1992–93 season
1484	1997-98
1485	1998
1486	1997–98 season
1487	December 24, 1779
1488	May 1, 1780
1489	Season 5 episode 1
1490	Season 5 episode 20
1491	Season 6 episode 8
1492	The Trump Organization
1493	Donald Trump
1494	Donald John Trump
1495	Patrick Stanislaus "Pat" Castagne
1496	Castagne
1497	Patrick Castagne
1498	Patrick S. Castagne
1499	August 13 1969?
1500	official state dinner
1501	Vardhan
1502	Harsh Vardhan
1503	Dr. Harsh Vardhan
1504	Anil Madhav Dave
1505	Dave
1506	Prakash Keshav Javadekar
1507	Prakash Javadekar
1508	Javadekar
1509	13 December 1977
1510	November 19, 2011
1511	March 4, 2003
1512	Lyndon B. Johnson
1513	response to a national poverty rate
1514	State of the Union address on Wednesday, January 8, 1964
1515	Great Society
1516	April 21, 1972
1517	September 22, 1998
1518	1976
1519	Eric Dane
1520	Dr. Mark Sloan
1521	Mark Sloan
1522	Mark Everett Sloan, M.D., F.A.C.S.
1523	McSteamy
1524	Alexandra Caroline Grey, M.D.
1525	Dr. Lexie Grey
1526	Chyler Leigh
1527	July 1, 2005
1528	April 1, 2006
1529	Tympanum
1530	tympanon
1531	Pediment
1532	August 2006
1533	Oceanfront Boardwalk and Promenade
1534	33.692035°N 78.87954°W
1535	the upper surface of the tongue
1536	Upper surface of the tongue
1537	small structures known as papillae
1538	papillae
1539	September 15, 1965
1540	April 13, 2018
1541	May 5, 2013
1542	March 8, 2018
1543	week of April 3, 2017
1544	April 2017
1545	Bill Champlin
1546	Chicago
1547	Santa Monica Pier
1548	Los Angeles Zoo in Griffith Park
1549	2912 4th Street in Santa Monica
1550	Los Angeles Zoo
1551	Griffith Park
1552	Santa Monica
1553	his grandparents
1554	grandparents
1555	Anne Mulligan
1556	William Sheeran
1557	Nitrogen cycle
1558	Denitrification
1559	4 November 2001
1560	16 November 2001
1561	Carey Lowell
1562	Lynn Cartwright
1563	Dove Cameron
1564	Liv Rooney
1565	Liv
1566	Maddie Rooney
1567	Maddie
1568	Her dog
1569	Curry Grant
1570	Twenty-seven
1571	27
1572	5th century AD
1573	475 AD
1574	425 AD
1575	later 2nd century
1576	1895 and 1919
1577	start of the 20th century
1578	early 1970s
1579	1970s
1580	Muslims
1581	Islam
1582	Christians
1583	Christianity
1584	Furnace Creek Ranch
1585	Furnace Creek Ranch, California
1586	Death Valley
1587	Iran
1588	Lut Desert
1589	Lut Desert, Iran
1590	1933
1591	1944
1592	August 15, 1971
1593	Melodica
1594	Claviola
1595	14 May 1948
1596	10 March 1949
1597	Stuart Hamblen
1598	Barrington Stuart
1599	Fred Rose
1600	Gary Walker
1601	Peter Graves
1602	John Hathcock
1603	Frankie Brown
1604	Roger Miller
1605	Herb Newman
1606	Sid Tepper
1607	Bill West
1608	Ray Winkler
1609	Lee Ross
1610	Roy Brodsky
1611	Kendall Hayes
1612	Ted Daffan
1613	Dottie West
1614	Hy Heath
1615	Don Lanier
1616	Bob Wills
1617	Taylor Schilling
1618	Clare Foley
1619	26 June 1936
1620	1907
1621	sometime between 14 August and 29 September 1907
1622	13 November 1907
1623	11 December 1951
1624	1861
1625	1878
1626	Davis
1627	Joe Davis
1628	England
1629	Reanne Evans
1630	over 400
1631	Beast
1632	Dan Stevens
1633	Lipases
1634	Proteases
1635	peptidases
1636	proteinase
1637	Amylases
1638	nucleodepolymerase
1639	polynucleotidase
1640	Nucleases
1641	1479 S La Cienega Blvd, Los Angeles, CA
1642	Grand Motel
1643	gearboxes
1644	gearbox
1645	bike
1646	bicycle
1647	cycle
1648	1900
1649	1996
1650	Billy Kramer
1651	the son of the Kramers
1652	Justin Henry
1653	Digimon: The Movie
1654	Shrek
1655	Rat Race
1656	Inspector Gadget
1657	The British played the Indians to build relationship
1658	trading
1659	sailors and traders of the East India Company
1660	The East India Company
1661	Hillsong Live
1662	Hillsong Worship
1663	Brooke Ligertwood
1664	Aerys II Targaryen
1665	David Rintoul
1666	Aerys Targaryen
1667	Noomi Rapace
1668	Lena Endre
1669	Marika Lagercrantz
1670	Chevrolet Impala
1671	Lowrider
1672	Israel Isidore Beilin
1673	Israel Baline
1674	Yip Yip Yaphank
1675	Camp Upton in Yaphank, New York
1676	World War I
1677	Svartsengi geothermal power station
1678	nearby geothermal power plant Svartsengi
1679	Geothermal power plant
1680	Svartsengi
1681	geothermal power station
1682	Umgeni River
1683	larger states
1684	Large States
1685	legislative branch
1686	Mantaro River and Atlantic Ocean
1687	Apurímac River on Nevado Mismi and Atlantic Ocean
1688	Río Mantaro
1689	Huancayo, Huancayo Province, Peru
1690	Atlantic Ocean
1691	Brazil
1692	Albany
1693	Amsterdam
1694	Auburn
1695	December 7, 2017
1696	December 2017
1697	April 20, 2017
1698	May 18, 2016
1699	February 6, 2015
1700	December 25, 2015
1701	September 25, 2008
1702	79
1703	Dream a Little Dream of Me
1704	Dream a Little Dream of Me, Part 1
1705	Tree's roommate, Lori
1706	Lori Spengler
1707	Lori
1708	Ruby Modine
1709	Sauron
1710	Celebrimbor
1711	Celebrimbor and Gwaith-i-Mírdain
1712	Celebrimbor and Elven Smiths
1713	Sala Baker and Alan Howard
1714	Sala Baker
1715	Alan Howard
1716	Andy García
1717	Andrés Arturo García Menéndez
1718	David Margulies
1719	Dustin Johnson
1720	Jason Day
1721	Jordan Spieth
1722	Shanshan Feng
1723	Park Sung-hyun
1724	Ryu So-yeon
1725	August 19, 1964
1726	August 31, 1965
1727	Port Hope, Oshawa, Ontario and Riverdale, Toronto
1728	Derry, Maine
1729	Sir Malcolm Henry Arnold
1730	Arnold
1731	Malcolm Arnold
1732	Ricketts
1733	Alford
1734	Frederick Joseph Ricketts
1735	Kenneth J. Alford
1736	Bourbon Street
1737	Canal Street
1738	Asuka
1739	Shinsuke Nakamura
1740	20
1741	Ashley Jones
1742	Jennifer Youngs
1743	Wilbur
1744	Uncle
1745	February 2, 2020
1746	54
1747	Super Bowl LIV
1748	January 11, 1970
1749	Super Bowl IV
1750	Hephaestus
1751	Hestia
1752	Athletics
1753	Oakland Athletics
1754	he A's
1755	Oakland
1756	San Francisco Giants
1757	Giants
1758	political
1759	epic fantasy
1760	fantasy
1761	serial drama
1762	episodic point-and-click graphic adventure fantasy drama
1763	novel adaptation
1764	Blanton Collier
1765	Salzach
1766	Almbach
1767	Fischach
1768	U.S. Supreme Court
1769	Topeka, KS
1770	Ford
1771	toyota
1772	ford
1773	Toyota
1774	December 8, 2017
1775	October 27, 2017
1776	October 20, 2017
1777	Moliagul, Victoria
1778	State of Para
1779	Sierra Buttes
1780	14 June
1781	June 14, 2018
1782	14 June 2018
1783	August 5, 2018
1784	Germany, Italy, and Japan
1785	Le Potenze dell'Asse
1786	"Rome–Berlin–Tokyo Axis"
1787	"Roberto"
1788	枢軸国
1789	The Axis Powers
1790	Sūjikukoku
1791	Die Achsenmächte
1792	LeBron Raymone James Sr.
1793	Kobe Bean Bryant
1794	Kobe Bryant
1795	Lauren Taft
1796	Victoria Duffield
1797	Maya Gerber
1798	911/Mr. Lonely
1799	Tyler, the Creator
1800	endothelial cells
1801	endothelial cell
1802	Astrocyte cell
1803	1968
1804	1977
1805	1975
1806	Disneyland Park
1807	Walt Disney Studios Park
1808	Wendy Talbot
1809	Joan Baxter
1810	Arabian crossbred stallion
1811	wild Arabian stallion
1812	Steve Holland
1813	Toby Proctor
1814	Eric Johnson
1815	zinc
1816	zinc iron alloys
1817	Deuteronomy
1818	Numbers
1819	Deuteronomy and Numbers
1820	Deuteronomy 6:4–9, 11:13-21
1821	Deuteronomy 6:4–9 and 11:13-21 and Numbers 15:37–41
1822	Numbers 15:37–41
1823	Elizabeth Fishman
1824	Elizabeth F. Loftus
1825	Elizabeth Loftus
1826	Hugo Münsterberg
1827	Alicia Sanderson Edwards
1828	Samantha
1829	Laura Ingalls
1830	Aram Shah
1831	Iltutmish
1832	Shams ud-Din Iltutmish
1833	sunny side
1834	bright
1835	positive
1836	willow
1837	aspen
1838	Sona
1839	Shruti Haasan
1840	Pishon
1841	Gihon
1842	Chidekel
1843	Phirath
1844	Tipperary
1845	Na Piarsaigh
1846	Nepal
1847	Federal Democratic Republic of Nepal
1848	Republic of India
1849	India
1850	$19,400
1851	$25,000
1852	$50,000
1853	$150,000
1854	at the most $300,000
1855	$300,000
1856	Jackie DeShannon
1857	Kim Carnes
1858	Haddaway
1859	Foolstop
1860	Kiesza
1861	Klaas
1862	Peyton Manning
1863	Drew Brees
1864	Peyton Williams Manning
1865	Andrew Christopher Brees
1866	Andrew Christopher "Drew" Brees
1867	Dan Marino
1868	Daniel Constantine Marino Jr.
1869	Tim
1870	John's dad
1871	Mr. Tyree
1872	Richard Jenkins
1873	Jenkins
1874	John's Father
1875	2015
1876	March 25, 2016
1877	April 19, 2002
1878	August 16, 2002
1879	26 April 1915
1880	23 May 1915
1881	23 May
1882	semi-arid tropcial savanna
1883	semi-arid tropical
1884	Mediterranean
1885	2012
1886	130
1887	142
1888	August 17, 2018
1889	August 21, 2018
1890	October 15, 2018
1891	November 2018
1892	17,159
1893	12,240
1894	4,919
1895	dark chamber
1896	pinhole image
1897	June 14,1994
1898	April 13, 1940
1899	April 13,1933
1900	Ramsay Bolton
1901	Iwan Rheon
1902	Tyrion Lannister
1903	Peter Hayden Dinklage
1904	Peter Dinklage
1905	beneath the skin, around internal organs, in bone marrow, intermuscular, and in the breast
1906	adipose depots
1907	US$13,100,000,000
1908	US$11.6 billion
1909	to win the world’s most prestigious and most difficult bicycle race
1910	multiple stage bicycle race
1911	bicycle race
1912	to increase sales for the newspaper L'Auto
1913	increase sales for the newspaper L'Auto
1914	Lisa Robin Kelly
1915	Christina Moore
1916	Mickey Mantle
1917	Mickey Charles Mantle
1918	The Commerce Comet
1919	The Mick
1920	Joc Pederson
1921	Joc Russell Pederson
1922	Aaron Judge
1923	Judge
1924	Giancarlo Stanton
1925	Stanton
1926	Todd Frazier
1927	Frazier
1928	Vladimir Guerrero Jr.
1929	Guerrero Jr.
1930	1601
1931	16 December 1911
1932	1911
1933	West
1934	Shipman
1935	shipman
1936	56
1937	12
1938	atria
1939	Right Atrium
1940	Atrioventricular node
1941	AV node
1942	SA node
1943	sinoatrial node
1944	Sir Robert Laird Borden, GCMG PC KC
1945	Sir Robert Laird Borden
1946	Sir Robert Borden
1947	Arthur Meighen
1948	Arthur Meighen PC QC
1949	August 3, 2018
1950	July 25, 2018
1951	23
1952	Transcription
1953	DNA-directed RNA polymerase
1954	RNA polymerase
1955	ribonucleic acid polymerase
1956	RNAP
1957	Jenny Bicks
1958	Bill Condon
1959	William Condon
1960	Cleveland
1961	Cleveland, OH
1962	Columbus, Ohio
1963	Columbus
1964	Taraji P. Henson
1965	Kathryn Elsbeth Erbe
1966	Kathryn Erbe
1967	Taraji Penda Henson
1968	Cartoon Network
1969	[adult swim]
1970	Adult Swim
1971	February 14, 1845
1972	16 November 1907
1973	December 29, 1845
1974	November 17, 2017
1975	November 17, 2001
1976	July 31, 2004
1977	February 23, 2010
1978	January 21, 2014
1979	Jim Steinman
1980	Bonnie Tyler
1981	Davies
1982	Robert Haydn Davies
1983	Rob Davies
1984	Dan Reynolds
1985	YEBBA
1986	59
1987	Jules O'Dwyer & Matisse
1988	Dog Tricks
1989	Alison Mulvaney
1990	Giblin
1991	Belinda Giblin
1992	a number of agricultural and food corporations, such as ConAgra, and Sara Lee
1993	ConAgra
1994	Sara Lee
1995	a number of agricultural and food corporations
1996	Brooks Koepka
1997	South Korea
1998	Punia
1999	Bajrang Punia
2000	Deepak Kumar
2001	Kumar
2002	Ravi Kumar and Apurvi Chandela
2003	Ravi Kumar
2004	Apurvi Chandela
2005	Kogi state
2006	Kogi
2007	Nigeria
2008	Lokoja
2009	Lokoja, Nigeria
2010	Lokoja, Kogi state, Nigeria
2011	Federal Republic of Nigeria
2012	Lokoja in Kogi state
2013	Lokoja in Nigeria
2014	May 29, 1851
2015	June 21, 1851
2016	May 1863
2017	1981
2018	Singh
2019	Radha Mohan Singh
2020	Narendra Singh Tomar
2021	Sharad Pawar
2022	gross vehicle weight rating
2023	maximum operating weight/mass of a vehicle
2024	August, 1949
2025	1991
2026	August 1949
2027	1959
2028	February 22, 2019
2029	November 14, 2000
2030	April 10, 1985
2031	November 1998
2032	endometrial wall
2033	endometrium
2034	uterine wall
2035	outside the uterus
2036	wall of the uterus
2037	uterus
2038	the endometrium of the uterine wall
2039	fallopian tube, cervix, ovaries, or within the abdomen
2040	Jef "Basto!" Martens.
2041	Belgian DJ/producer Jef "Basto!" Martens
2042	Basto!
2043	Michael Jackson
2044	BoA
2045	Janet Jackson
2046	New Jersey Nets
2047	the Nets
2048	Philadelphia
2049	Philadelphia 76ers
2050	Indiana
2051	Indiana Pacers
2052	Orlando Magic
2053	Boston Celtics
2054	Jayne Brook
2055	Terry Serpico
2056	Keith Veney
2057	Josh Williams
2058	Jordan Lyons, Keith Veney, and Josh Williams
2059	Jordan Lyons
2060	15
2061	Bombaim
2062	Tana-Maiambu
2063	Waxahachie
2064	Jack Davis' farm
2065	Friday
2066	United States of America
2067	America
2068	Oliver Stark
2069	Jennifer Love Hewitt
2070	Hack Wilson
2071	Wilson
2072	Hank Aaron
2073	Aaron
2074	Jim Bottomley and Mark Whiten
2075	Jim Bottomley
2076	Mark Whiten
2077	Boston Beaneaters
2078	October 8, 2017
2079	December 4, 2017
2080	22 June 1940
2081	1940–1944
2082	May 1940
2083	1940
2084	December 1944
2085	summer 1944
2086	after midnight on 25 June
2087	25 June 1940
2088	Leslie Bricusse and Cyril Ornadel
2089	Nasir Jones
2090	Nas
2091	Cyril Ornadel
2092	Leslie Bricusse
2093	1850s
2094	1905
2095	outer shell
2096	shared
2097	between atoms
2098	John Roberts
2099	Renée Taylor
2100	Lindsey Stoddart
2101	Wendi McLendon-Covey
2102	Pittsburgh, Pennsylvania
2103	Pittsburgh
2104	City of Pittsburgh
2105	L.A.
2106	Alpine, New Jersey
2107	New York, New York
2108	NYC
2109	Paul Jason Dardo
2110	Violet Chachki
2111	Sanath Jayasuriya
2112	Virender Sehwag
2113	Sri Lanka
2114	7th century
2115	1071
2116	11th century
2117	November 15, 2011
2118	September 6, 2012
2119	December 18, 2012
2120	John Sykes
2121	Neil Murray
2122	CSA
2123	Confederacy
2124	C.S.
2125	Confederate States of America
2126	The Confederate Army of the Potomac
2127	Confederate Army of the Potomac
2128	Army of the Potomac
2129	P. G. T. Beauregard
2130	Pierre Gustave Toutant-Beauregard
2131	Brig. Gen. P. G. T. Beauregard
2132	G. T. Beauregard
2133	Dwight David "Ike" Eisenhower
2134	Dwight D. Eisenhower
2135	David Dwight Eisenhower
2136	George Herbert Walker Bush
2137	George H. W. Bush
2138	Salzburg, Austria
2139	a villa
2140	Salzburg
2141	B.J. Thomas
2142	Sam Cooke
2143	Sylvia Fricker
2144	Baltimore Orioles
2145	Florida Marlins
2146	Kansas City Royals
2147	Chicago Cubs
2148	Arizona Diamondbacks
2149	1995 America's Cup
2150	6–13 May 1995
2151	13 May 1995
2152	0.09%
2153	13.5%
2154	1.3%
2155	Earl Andrew Hamilton
2156	Hamilton
2157	Earl Hamilton
2158	Wilhlem
2159	James Hoyt Wilhelm
2160	Hoyt Wilhelm
2161	"Old Sarge"
2162	Koob
2163	Ernest Gerald Koob
2164	Ernie Koob
2165	X the Owl
2166	Cousin Stephen Owl
2167	Cousin Mary Owl
2168	Holt Richter
2169	Terry Kimple
2170	October 17, 2017
2171	April 24, 2018
2172	December 20, 2017
2173	Rockwell
2174	Kennedy William Gordy
2175	TRU
2176	The Real Untouchables
2177	12 to 17 years
2178	12 to 16 years
2179	11.4 years
2180	10.5 to 15 years
2181	8 to 16 years, with a median of 13 years
2182	The B of A
2183	Bank of America Stadium
2184	The Bank
2185	The Vault
2186	The BOA
2187	Memorial Stadium
2188	Yale School of Fine Arts
2189	the Yale School of Fine Arts
2190	Yale
2191	Yale University
2192	January 13, 1990
2193	June 5, 2012
2194	the France national team
2195	Paris Saint-Germain and the France national team
2196	Paris Saint-Germain
2197	AS Monaco
2198	Monaco
2199	France national team
2200	The Everly Brothers
2201	Don Everly Phil Everly
2202	The Louvin Brothers, the Everly Brothers, and the Delmore Brothers
2203	The Louvin Brothers
2204	the Everly Brothers
2205	the Delmore Brothers
2206	2006
2207	2005–06 NCAA Division I men's basketball season
2208	North America
2209	Europe
2210	Network address translation
2211	remapping one IP address space into another
2212	eight
2213	54.0 °C (129.2 °F)
2214	129.2 °F
2215	54.0 °C
2216	201 °F
2217	93.9 °C
2218	93.9 °C (201 °F)
2219	66.8 °C
2220	152.2 °F
2221	66.8 °C (152.2 °F)
2222	56.7 °C (134.1 °F)
2223	56.7 °C
2224	134.1 °F
2225	Wilt Chamberlain
2226	Wilton Norman Chamberlain
2227	Golden State Warriors
2228	Philadelphia Warriors
2229	December 23, 2017
2230	December 27, 2016
2231	December 30, 2010
2232	Día de Reyes
2233	to celebrate Epiphany
2234	Kings' Day
2235	January 6
2236	Epiphany
2237	December 7, 1869
2238	12:02 am on December 11, 1962
2239	December 11, 1962
2240	1
2241	Burl Ives
2242	Burl Icle Ivanhoe Ives
2243	Elmore Rual Torn Jr.
2244	Elmore Rual "Rip" Torn Jr.
2245	Rip Torn
2246	aft-most part
2247	area built up over the sternpost
2248	opposite the bow
2249	back
2250	aft port
2251	aft port section of the ship
2252	back or aft-most part
2253	aft
2254	area built up over the sternpost, extending upwards from the counter rail to the taffrail
2255	1955
2256	July 1965
2257	1939
2258	June 27, 1949
2259	November 1949
2260	27 July 1953
2261	Los Angeles,  CA, Marfa, TX.
2262	Little Boston, CA.
2263	May 10, 2018
2264	1890s
2265	1960
2266	Red Dragon
2267	The Silence of the Lambs
2268	Hannibal
2269	Hannibal Rising
2270	Death
2271	Dean
2272	Dean Winchester
2273	Jensen Ackles
2274	mid-1950s
2275	1950s and 60s
2276	1950s and 1960s
2277	mid 1940s
2278	mid-1940s
2279	Chad Danforth
2280	Chad
2281	Danforth
2282	"Rite of Passage"
2283	February 8, 2015
2284	Glenn Quinn
2285	Ames McNamara
2286	Apa
2287	Keneti James Fitzgerald Apa
2288	KJ Apa
2289	Bryce Gheisar
2290	June 28, 2003
2291	July 9, 2003
2292	Hebrew בִּנְיָמִין, Binyāmīn
2293	Binyāmīn
2294	Hebrew
2295	derived from Hebrew
2296	Binyaamem
2297	through the skin
2298	skin
2299	Lungs
2300	Kidneys
2301	Intestines
2302	Marloes Sands Beach
2303	Marloes
2304	in Pembrokeshire, on the Marloes Sands beach
2305	Pembrokeshire, United Kingdom
2306	Marloes, UK
2307	United Kingdom
2308	Gateholm island
2309	Pembrokeshire, on the Marloes Sands beach
2310	British Columbia and Vancouver
2311	Ucluelet on Vancouver Island
2312	Britannia Beach, north of Vancouver
2313	Camp McLean
2314	32
2315	theological and political differences
2316	ecclesiastical differences and theological disputes
2317	the procession of the Holy Spirit, whether leavened or unleavened bread should be used in the Eucharist, the Bishop of Rome's claim to universal jurisdiction, and the place of the See of Constantinople in relation to the Pentarchy
2318	Freeport, Texas
2319	Winnie, Texas
2320	Lake Charles, Louisiana
2321	Baton Rouge, Louisiana
2322	Self Winding Clock Company
2323	Henry Edward Bedford
2324	Seth Thomas Clock Company
2325	more than 2,800
2326	almost 3,000
2327	thousand
2328	five-hundred
2329	5,000 and beyond
2330	Joe
2331	Joe Miller
2332	Matthew Gravelle
2333	Matthew Ian Gravelle
2334	.edu
2335	.org
2336	Winston-Salem, North Carolina
2337	a rented building on South Main Street
2338	December 10, 2017
2339	July 13, 2019
2340	Ahmedabad
2341	Mumbai
2342	Kovai
2343	Koyamuthur
2344	Coimbatore
2345	2017
2346	August 1966,
2347	February 18, 1996
2348	Mariyappan Thangavelu
2349	Maciej Lepiato
2350	Roderick Townsend-Roberts
2351	Poland
2352	United states
2353	Frederick the Great of Prussia
2354	a poem by Ogden Nash
2355	Paris, France
2356	France
2357	Journal des Débats
2358	Journal del Debats
2359	the Journal des Débats
2360	Volume VII of Ainsworth's Magazine
2361	Yorozu Chouhou
2362	7 miles
2363	11.2 km
2364	Khris Davis
2365	Nolan Arenado
2366	Ken Jennings
2367	James Holzhauer
2368	ribs six through twelve
2369	longissimus dorsi muscle, complexus and spinalis muscles
2370	Baltimore Ravens
2371	San Francisco 49ers
2372	Beyoncé
2373	1927
2374	1935
2375	Michelangelo
2376	Galileo
2377	Machiavelli
2378	Foscolo
2379	Gentile
2380	Rossini
2381	July 8, 2009
2382	July 13, 2009
2383	John Derek
2384	Matt Hill
2385	Adam Lambert
2386	4.2 L FSI DOHC V8 5.2 L odd firing FSI DOHC V10
2387	5.2 L FSI V10
2388	Del the Funky Homosapien
2389	Del Tha Funkee Homosapien
2390	Phi Life Cypher
2391	De La Soul and Bootie Brown
2392	Teren Delvon Jones
2393	Sir DZL
2394	pre–Columbian Era
2395	the 1500s
2396	16th century
2397	1530s and 1540s
2398	sixteenth century
2399	17th century
2400	1500s
2401	Duke
2402	Duke Blue Devils
2403	Auburn Tigers
2404	Argentina 78
2405	1978 FIFA World Cup
2406	1978 FIFA World Cup Final
2407	Copa Mundial de Fútbol Argentina '78
2408	25 June 1978
2409	1986 FIFA World Cup
2410	Copa Mundial de Fútbol México '86
2411	1986
2412	29 June 1986
2413	13th FIFA World Cup
2414	1986 FIFA World Cup Final
2415	Mexico '86
2416	Billy West
2417	Cooper
2418	21 June 1986
2419	Paul Newman
2420	Corey Burton
2421	Juan María Traverso
2422	1980
2423	2008
2424	oceanic
2425	continental
2426	mucous membrane
2427	Oral mucosa
2428	the castle's motherly head housekeeper
2429	Emma Thompson
2430	Thompson
2431	housekeeper
2432	Dame Emma Thompson DBE
2433	Dame Emma Thompson
2434	Ancient Egyptian
2435	William Gilbert
2436	Gilberd
2437	Superbowl 43
2438	February 5, 2006
2439	Super Bowl XL
2440	Superbowl 40
2441	January 20, 1980
2442	Superbowl 14
2443	Super Bowl XIV
2444	Kevin McKidd
2445	Abigail Leigh Spencer
2446	Abigail Spencer
2447	NEG
2448	MKNG
2449	Peter Cullen
2450	oldest accuser during the Salem witch trials
2451	The Proctor family's servant
2452	two
2453	three
2454	four
2455	Grover Cleveland
2456	Esther Cleveland
2457	Paul Walker
2458	Han
2459	Jakande
2460	Mose Jakande
2461	Sung Kang
2462	Djimon Gaston Hounsou
2463	Djimon Hounsou
2464	late 1990s
2465	June 2004
2466	1854
2467	mid-1890s
2468	Randy Toms
2469	Chuck Shaheen
2470	John Havrilla
2471	April 2007
2472	depreciation in the subprime mortgage market
2473	September 15, 2008
2474	collapse of the investment bank Lehman Brothers
2475	Universal's sound stages
2476	Palmdale, CA, Victorville, CA, and the Mojave Desert
2477	scrolling
2478	running
2479	exercise
2480	Green Bay Packers
2481	Vince Lombardi
2482	National Football League
2483	National
2484	NFL
2485	National League
2486	Ephesians 6:11
2487	Wisdom 5:17–20
2488	/ˌwɑːɡəˈduːɡuː/
2489	[ˈwɔɣədəɣʊ]
2490	[waɡaduɡu]
2491	Kriseman
2492	Rick Kriseman
2493	Foster
2494	Bill Foster
2495	Richard David "Rick" Kriseman
2496	December 14, 2015
2497	February 1, 2017
2498	April 11, 2018
2499	December 12, 2019
2500	December 1, 1969
2501	1954
2502	summer of 1962
2503	Cristiano Ronaldo
2504	Ada Hegerberg
2505	Cristiano Ronaldo dos Santos Aveiro
2506	Ronaldo
2507	Francisco "Paco" Gento López
2508	Gento
2509	Francisco Gento
2510	Pitkin
2511	Hunter-Fryingpan Wilderness, Pitkin County
2512	west central Colorado
2513	in west central Colorado
2514	39°09′52″N 106°31′40″W
2515	White River National Forest
2516	Sawatch Mountains
2517	1 October 2006
2518	2006 NRL season
2519	Sunday, 1 October
2520	between Earth and the sun
2521	new moon phase
2522	October 26, 2015
2523	October 26
2524	October 3, 2016
2525	October 3
2526	July 19
2527	July 19, 2017
2528	Klymaxx
2529	Lorena Porter
2530	November 16, 2012
2531	November 14, 2012
2532	November 13, 2012
2533	November 27, 2012
2534	Minoru Yamasaki
2535	Yamasaki
2536	1 December 1913
2537	710
2538	18
2539	740
2540	14
2541	445
2542	2020
2543	Government of British India
2544	King George V and Queen Mary
2545	1997
2546	June 22, 1999
2547	her first love
2548	Devon
2549	her first love Devon
2550	Devon Carter
2551	Lil' J
2552	Jonathan Richard McDaniel
2553	Viswanathan Anand
2554	Ju Wenjun
2555	1972-73
2556	May 10, 1973
2557	Confederate States
2558	Thomas "Stonewall" Jackson
2559	Joseph E. Johnston
2560	Jefferson Davis
2561	Central and Eastern Europe
2562	Central and Eastern
2563	Slovakia
2564	Croatia
2565	Moldova
2566	Bulgaria
2567	Serbia
2568	Ukraine
2569	Hungary
2570	Austria
2571	Romania
2572	Pančevo
2573	Drobeta-Turnu Severin
2574	Bratislava
2575	Ruse
2576	Novi Sad
2577	Ulm
2578	Vienna
2579	Zemun
2580	Vidin
2581	Regensburg
2582	Ingolstadt
2583	Linz
2584	Győr
2585	Dunaújváros
2586	Smederevo
2587	Izmail
2588	Belgrade
2589	Apatin
2590	Galați
2591	Vukovar
2592	Budapest
2593	Reparations
2594	German industrial assets, as well as forced labour to the Allies
2595	Graham Gooch
2596	Graham Alan Gooch
2597	Sachin Tendulkar
2598	Sachin Ramesh Tendulkar
2599	March 31, 2017
2600	March 30, 2017
2601	Wendy Winkleman
2602	Veronica Cartwright
2603	Tendulkar
2604	Gooch
2605	Bradman
2606	Donald Bradman
2607	Mohammad Yousuf
2608	Yousuf
2609	Voges
2610	Adam Voges
2611	Brian Lara
2612	Brian Lara, George Bailey, and Keshav Maharaj
2613	George Bailey
2614	Keshav Maharaj
2615	Socrates
2616	Plato
2617	Anagram
2618	Dyslexia
2619	anagram
2620	Moussa Faki
2621	Moussa Faki Mahamat
2622	Nkosazana Clarice Dlamini-Zuma
2623	Nkosazana Dlamini-Zuma
2624	Jean Ping
2625	NDZ
2626	September 22, 2017
2627	Babe Ruth
2628	"The Sultan of Swat"
2629	"The Bambino"
2630	George Herman "Babe" Ruth Jr.
2631	New York Highlanders
2632	anonymous
2633	Thomas Robert Malthus
2634	Daniel Handler
2635	Lemony Snicket
2636	Hippolyte Pixii
2637	Guillaume Duchenne,
2638	Pavel Yablochko
2639	Nikola Tesla
2640	hoki
2641	Alaska pollock
2642	walleye pollock
2643	Alaskan pollock
2644	Alaskan cod
2645	Don Von Tress
2646	The Marcy Brothers
2647	Cyrus
2648	Billy Ray Cyrus
2649	Jim Cotton
2650	Joe Scaife
2651	Joe Scaife and Jim Cotton
2652	PolyGram and Mercury
2653	PolyGram
2654	Mercury
2655	771 BC
2656	Lysander
2657	Demetrius
2658	Jack Albertson
2659	David Kelly
2660	John Rubinstein
2661	Nigel Planer
2662	Pharrell Williams
2663	Pharrell Lanscilo Williams
2664	Boris Karloff
2665	Philip Anthony Hopkins
2666	Sir Philip Anthony Hopkins
2667	Anthony Hopkins
2668	Boris Karlof
2669	Middle West
2670	American Midwest
2671	Midwestern United States
2672	Midwest
2673	North Central Region
2674	1,197,816
2675	1,188,580
2676	1,006,977
2677	an Anglican religious order
2678	They follow the Anglican religious order.
2679	Anglican
2680	Christian
2681	108
2682	119
2683	Rajyavardhan Singh Rathore
2684	Col. Rajyavardhan Singh Rathore, AVSM
2685	Vijay Goel
2686	Jitendra Singh
2687	29th America's Cup
2688	20 February – 2 March 2000
2689	30th America's Cup
2690	35th staging of the America's Cup yacht race
2691	17–26 June 2017
2692	2017 America's Cup
2693	Libertas
2694	István Horthy
2695	Jeremy Zuckerman
2696	Benjamin Wynn
2697	Ambrosia
2698	David Robert Pack
2699	Pack
2700	David Pack
2701	Mark Grace
2702	Mariah Carey
2703	Scott Kelly
2704	Scott Joseph Kelly
2705	Mikhail Borisovich Kornienko
2706	Mikhail Kornienko
2707	July 7, 1941
2708	October 5, 2017
2709	February 6, 2018
2710	2018
2711	Richard Dunne
2712	Dunne
2713	Martin Škrtel
2714	Martin Škrtel and Lewis Dunk
2715	Lewis Dunk
2716	February 1944
2717	during the Second World War
2718	June 1947
2719	Egon Zimmermann
2720	Franz Klammer
2721	Desiree Henry
2722	Jordan Duckitt
2723	Adelle Tracey
2724	Katie Kirk
2725	Aidan Reynolds
2726	Cameron MacRitchie
2727	Callum Airlie
2728	within the cytoplasm
2729	Cytosol
2730	Cytoplasm
2731	cytoplasm
2732	Mitochondria
2733	Chloroplast
2734	March 13 1996
2735	from 1996 to 1997
2736	December 25, 2008
2737	2003, 2004, 2008, 2009, 2011–2013, and 2015–2018
2738	Taylor Momsen
2739	Taylor Michel Momsen
2740	Momsen
2741	Cameron Seely
2742	April 1973
2743	March 22, 1979
2744	June 4, 1975
2745	74.04%
2746	82.14%
2747	65.46%
2748	64.83%
2749	75.26%
2750	53.67%
2751	Laura San Giacomo, Ronnie Farer, Sharon Martin, and Jody Flader
2752	Laura San Giacomo, Sharon Martin, and Anna Vocino
2753	Alonzo Alvarez de Pineda
2754	Hernando de Soto
2755	Sherman Alexie
2756	Sherman Joseph Alexie Jr.
2757	Pino Donaggio
2758	Vito Pallavicini
2759	Vicki Wickham
2760	Simon Napier-Bell
2761	Marion Raven, Marit Larsen, Peter Zizzo, Jimmy Bralower
2762	October 1, 2017
2763	September 25, 2016
2764	September 27, 2015
2765	Tornado Alley
2766	Minnesota, Wisconsin, Illinois, Indiana, and Ohio are sometimes included
2767	areas of Texas, Oklahoma, Kansas, South Dakota, Illinois, Iowa, Missouri, Nebraska, Colorado, North Dakota, and Minnesota
2768	northern Texas, through Oklahoma, Kansas, Colorado, Nebraska, Missouri, Iowa, South Dakota, and North Dakota
2769	Great Plains tornado belt
2770	Central United States, between the Rocky Mountains and Appalachian Mountains
2771	Texas
2772	June 14, 1954
2773	February 12, 1948
2774	Flag Day
2775	4 U.S.C. §4
2776	April 30, 1951
2777	Prince Escalus
2778	Mercutio
2779	House of Escalus
2780	Escalus
2781	Walk of Punishment
2782	Sigmund Freud, Anna Freud, Melanie Klein and Mary Ainsworth
2783	psychoanalysis
2784	Renee Coleman
2785	Renée Coleman
2786	Coleman
2787	Burkovich
2788	Shirley Burkovich
2789	Spade
2790	David Wayne Spade
2791	David Spade
2792	Joseph
2793	David Campbell
2794	Bernie Sanders
2795	Hillary Rodham Clinton
2796	Hillary Clinton
2797	Hillary Diane Rodham Clinton
2798	Democratic Party
2799	August 3, 1882
2800	1790
2801	Montana
2802	Idaho
2803	Oregon
2804	Washington
2805	Washington and Oregon
2806	May 31, 2017
2807	July 13, 2016
2808	June 17, 2015
2809	island of Vis
2810	Shepperton Studios in Surrey, England
2811	Croatia, Bordeaux, Stockholm, Oxford, Hampton and at Shepperton Studios
2812	April 21, 2016
2813	July 16, 2017
2814	1984
2815	September 9, 1960
2816	29 October 1863
2817	1864
2818	A Memory of Solferino
2819	Battle of Solferino
2820	Shane MacGowan
2821	Shane Patrick Lysaght MacGowan
2822	Jem Finer
2823	Jeremy Max Finer
2824	Enoch, AB
2825	Edmonton, AB
2826	Akeem Olajuwon
2827	Hakeem Abdul Olajuwon
2828	Hakeem Olajuwon
2829	Elmore Smith
2830	Rudy Gobert
2831	Rudy Gobert-Bourgarel
2832	Hassan Whiteside
2833	Hassan Niam Whiteside
2834	Anthony Davis
2835	Anthony Marshon Davis Jr.
2836	Instagram
2837	Murfreesboro, Tennessee
2838	Murfreesboro
2839	Stone's River
2840	Stones River
2841	2nd
2842	4
2843	4th
2844	New England Patriots
2845	Denver Broncos
2846	Gale Gilbert
2847	Cornelius Bennett
2848	Glenn parker
2849	Don Shula
2850	Len Dawson
2851	Bob Griese
2852	Hank Stram
2853	Rod Woodson
2854	a predominantly white audience at the Cotton States and International Exposition
2855	the white audience
2856	the blacks
2857	Ed Sheeran
2858	Edward Christopher Sheeran, MBE
2859	Edward Christopher Sheeran
2860	The Weeknd
2861	Abel Makkonen Tesfaye
2862	Drake
2863	Aubrey Drake Graham
2864	Alec Baldwin
2865	JP Karliak
2866	Baldwin
2867	Alexander Rae Baldwin III
2868	Ubuntu 17.10
2869	17.10
2870	Artful Aardvark
2871	Zesty Zapus
2872	Ubuntu 17.04
2873	17.04
2874	Ubuntu 16.10
2875	Yakkety Yak
2876	16.10
2877	Winston Churchill
2878	Lord Linlithgow
2879	Linlithgow
2880	Victor Hope, 2nd Marquess of Linlithgow
2881	Victor Alexander John Hope, 2nd Marquess of Linlithgow
2882	Victor Alexander John Hope
2883	Sir Winston Leonard Spencer-Churchill
2884	1624
2885	1664
2886	January 26, 1992
2887	Superbowl 26
2888	Superbowl XXVI
2889	January 22, 1984
2890	Superbowl XVIII
2891	Superbowl 18
2892	January 31, 1988
2893	Superbowl XXII
2894	Superbowl 22
2895	January 7, 2018
2896	August 3, 2019
2897	30 June 2002
2898	July 17, 1994
2899	21 June 1970
2900	Kareem Abdul-Jabbar
2901	Karl Malone
2902	Michael Jordan
2903	2010
2904	2009
2905	Anthony Rapp
2906	Anthony Deane Rapp
2907	Doug Jones
2908	Sonequa Martin-Green
2909	1453
2910	1460
2911	1670
2912	1458
2913	Timon and Pumbaa
2914	Timon
2915	Pumbaa
2916	Rafiki
2917	Nathan Lane and Ernie Sabella
2918	Nathan Lane
2919	Ernie Sabella
2920	Robert Guillaume
2921	East Asia
2922	New England Patriots and Pittsburgh Steelers
2923	Tom Brady
2924	Bill Belichick
2925	55–60 million
2926	56,800,000
2927	largest population of any unified political entity
2928	between one-sixth and one-fourth of the world's total population
2929	70 million to more than 100 million
2930	14 September 2017
2931	22 September 2016
2932	7 January 2016
2933	5 June 2017
2934	10 May 2016
2935	Brendon Barrie McCullum
2936	Brendon McCullum
2937	Kane Williamson
2938	Kane Stuart Williamson
2939	abbey
2940	cemetary crypt
2941	Sunshine
2942	Take Me Home: The John Denver Story
2943	the Palais Garnier opera house
2944	his lair
2945	his underground lair
2946	the theatre
2947	Ralph
2948	Anthony James
2949	793
2950	2013-2020
2951	17 November 2014
2952	14 July 2014
2953	Vince Carter
2954	Robert Parish
2955	40-70%
2956	20 to 35 percent
2957	Pictish kingdom
2958	Pictish
2959	Picts
2960	Norwegian
2961	Norway
2962	section 23(6) of the Constitutional Reform Act
2963	Knesset
2964	Dewey Bunnell
2965	Pollo Loco
2966	"Pollo Loco"
2967	Canada
2968	Argentina
2969	Andrew the Apostle
2970	Saint Andrew
2971	Eulària
2972	Aulazia
2973	Saint Eulalia
2974	Olalla
2975	Aulaire
2976	John B. Watson
2977	Watson
2978	Rosalie Rayner
2979	Rayner
2980	Piney Woods
2981	eastern region of Texas
2982	the far east
2983	1842
2984	December 1838
2985	1838
2986	October 1838
2987	June 25, 1996
2988	July 3, 1996
2989	June 20, 2016
2990	June 24, 2016
2991	August 4, 1996
2992	second century
2993	by the second century
2994	November 16, 2017
2995	November 9, 2017
2996	November 2, 2017
2997	September 28, 2017
2998	22
2999	Bob Beckel, Andrea Tantaros, Eric Bolling, Kimberly Guilfoyle
3000	Bob Beckel, Andrea Tantaros, Eric Bolling, and Kimberly Guilfoyle
3001	Beckel, Tantaros, Bolling, Guilfoyle
3002	Tantaros
3003	Andreana Tantaros
3004	Andreana Kostantina Tantaros
3005	Andrea Tantaros
3006	Robert Beckel
3007	Robert Gilliland Beckel
3008	Bob Beckel
3009	Beckel
3010	Kimberly Guilfoyle
3011	Guilfoyle
3012	Kimberly Ann Guilfoyle
3013	Bolling
3014	Eric Bolling
3015	Eric Thomas Bolling
3016	118
3017	October 31, 1963
3018	Season 4
3019	November 7, 1963
3020	1963
3021	2011-06-28
3022	January 31, 2011
3023	Roosevelt
3024	Franklin D. Roosevelt
3025	Teddy Roosevelt
3026	Theodore Roosevelt Jr.
3027	Franklin Delano Roosevelt
3028	FDR
3029	October 10, 1956
3030	Game 7 of the 1956 World Series
3031	37
3032	January 5, 1957
3033	after the 1956 season
3034	Philip Pope
3035	Philip R. J. Pope
3036	Christopher Ryan
3037	Christopher Papazoglou
3038	1111-1117
3039	1040-1044
3040	1040 -- 44
3041	Straits of Mackinaw
3042	Mackinac Strait
3043	Strait of Maciknac
3044	Michillimacinac Strait
3045	Straits of Mackinac
3046	Michigan
3047	XVI
3048	XVI Commonwealth Games
3049	1998 Commonwealth Game
3050	14 September 1998
3051	September 1998
3052	14 – 21 September 1998
3053	Edward George Earle Lytton Bulwer-Lytton
3054	Edward Bulwer-Lytton
3055	Edward George Earle Lytton Bulwer-Lytton, 1st Baron Lytton, PC
3056	Ahiqar
3057	24 September 2007
3058	1928
3059	98
3060	"The Rebirth, Part 3"
3061	"Heroic Legend: Head On! Master Warriors"
3062	"Eiyū Densetsu: Heddo On! Masutā Senshi"
3063	(英雄伝説　ヘッドオン！マスター戦士)
3064	"The Final Showdown on Earth: Episode Two"
3065	"Saigo no Chikyū Dai Sakusen (Kōhen)"
3066	(最後の地球大決戦 （後編）)
3067	Collabro
3068	Thomas J. Redgrave
3069	Michael Auger
3070	Jamie Lambert
3071	Richard Hadfield
3072	Matthew Pagan
3073	Matt Pagan
3074	1516
3075	1840
3076	In Name and Blood
3077	Nelson's Sparrow
3078	Season 3 Episode 2
3079	47
3080	Season 10 episode 13
3081	223
3082	April 20, 2018
3083	January 19, 2001
3084	February 15, 2002
3085	Cheyenne Jackson
3086	Cheyenne David Jackson
3087	Christopher Jay Potter
3088	Christopher Jay "Chris" Potter
3089	Chris Potter
3090	Mafic rocks
3091	basalt, diabase, and gabbro
3092	granite
3093	felsic rocks
3094	1.0
3095	Windows 95
3096	Windows NT 3.1
3097	Acts of Trade and Navigation
3098	Navigation Acts
3099	Order in Council of 24 October 1621
3100	The Ordinance for Free Trade with the plantations in New England
3101	maximum during one heartbeat
3102	end of the cardiac cycle when the ventricles are contracting
3103	eak pressure in the arteries
3104	1931
3105	ten
3106	Wardell Stephen "Steph" Curry II
3107	Diana Taurasi
3108	Jonas
3109	Jonah
3110	James Bartley
3111	Yan
3112	old man
3113	Nishi
3114	Myon
3115	Geppetto
3116	Pinocchio
3117	18 May 1974
3118	11 may 1998
3119	13 may 1998
3120	11 and 13 May 1998
3121	Jacob
3122	Israel
3123	Yuzuru Hanyu
3124	November 7, 2014
3125	October 2, 2015
3126	18 November 2016
3127	Nancy Kovack
3128	Lilyan Tashman
3129	Aaron Finch
3130	Aaron James Finch
3131	Afghanistan national cricket team
3132	Afganistan
3133	75
3134	Kasun Rajitha
3135	Season 7
3136	season seven
3137	season 7
3138	season five
3139	season 5
3140	Season 5
3141	6 am
3142	17 January 1983
3143	1 February 1983
3144	28 April 2014
3145	BC Jean
3146	Brittany Jean Carlson
3147	September 16, 2017
3148	September 21, 2017
3149	September 27, 2017
3150	swine
3151	pigs
3152	birds
3153	bird
3154	256
3155	January 21, 2016
3156	October 22, 2014
3157	Danny Way
3158	Tony Hawk
3159	McMartin preschool trial
3160	Hindu–German Conspiracy Trial
3161	June 17, 2017
3162	July 22, 2017
3163	June 10, 2017
3164	July 15, 2017
3165	June 3, 2017
3166	July 8. 2017
3167	32.0
3168	29.0
3169	29
3170	30.5
3171	January 1951
3172	1941
3173	Finport
3174	seaside town
3175	Robby Benson
3176	Jean Marais
3177	John Savage
3178	Pinellas
3179	on the Pinellas peninsula
3180	between Tampa Bay and the Gulf of Mexico
3181	Nonpartisan blanket primary
3182	Nonpartisan Primary
3183	nonpartisan blanket primary
3184	jungle primary or qualifying primary
3185	Alex Morgan
3186	Michelle Akers and Alex Morgan
3187	Oleg Anatolyevich Salenko
3188	Oleg Salenko
3189	Austria v Switzerland
3190	January 30, 1983
3191	Superbowl XVII
3192	Superbowl 17
3193	the fall of the Second French Empire
3194	4 September 1870
3195	Guy Patterson, Jimmy Mattingly, and Lenny Haise
3196	Tom Everett Scott, Johnathon Schaech, and Steve Zahn
3197	Mike Viola
3198	Richard Crenna
3199	Dick Crenna
3200	United States national baseball team
3201	Dominican Republic national baseball team
3202	Dominican Republic
3203	Japan national baseball team
3204	Paul Davis Ryan
3205	Paul Ryan
3206	John Andrew Boehner
3207	John Boehner
3208	Lee Hazlewood
3209	Nancy Sinatra
3210	Suresh Prabhu
3211	Suresh Prabhakar Prabhu
3212	D. V. Sadananda Gowda
3213	Devaragunda Venkappa Sadananda Gowda
3214	Mapanna Mallikarjun Kharge
3215	Duffield
3216	George Duffield Jr.
3217	George James Webb
3218	Webb
3219	Geibel
3220	Adam Geibel
3221	Lynbrook, Long Island
3222	across the street from his parents
3223	Long Island
3224	Lynbrook, NY
3225	3 May 1997
3226	Eurovision Song Contest 1997
3227	42nd edition of the annual Eurovision Song Contest
3228	1846
3229	1902
3230	31 May 1859
3231	1851
3232	1892
3233	1868
3234	U.S. Congress
3235	US Government
3236	Federal Reserve Board
3237	Federal Reserve Board of Governors
3238	Board of Governors of the Federal Reserve System
3239	board of governors
3240	Federal Reserve Act
3241	30 September 2017
3242	Prince
3243	Alicia Keyes
3244	insulin coma therapy
3245	Insulin shock therapy
3246	insulin shock treatment
3247	ICT
3248	antipsychotic medication
3249	Bonnie Bramlett and Leon Russell
3250	Delaney Bramlett
3251	30,000
3252	over 30,000
3253	28,218
3254	31,256
3255	4,962
3256	Christopher G. Memminger
3257	J. P. Richardson
3258	R. W. Barnwell
3259	F. H. Wardlaw
3260	J. E. Jenkins
3261	B. H. Rutledge
3262	P. E. Duncan
3263	United States National Parks
3264	United States national parks
3265	Federal recreation entrance or standard amenity fee sites
3266	Cubs
3267	Cubs and Mariners
3268	Chicago Cubs and Seattle Mariners
3269	Chicago and Seattle
3270	Seattle Mariners
3271	Zooey Claire Deschanel
3272	Zooey Deschanel
3273	Melissa Sturm
3274	Fort Davis, Texas
3275	Fort Davis
3276	Marfa, Texas
3277	Marfa
3278	September 27, 1998
3279	Patriot militia
3280	Patriot
3281	James Johnston
3282	Joseph Winston
3283	Benjamin Cleveland
3284	Frederick Hambright
3285	Joseph McDowell
3286	Isaac Shelby
3287	John Sevier
3288	James Williams
3289	William Campbell
3290	William Chronicle
3291	Dog
3292	rooster
3293	aquatic
3294	marine life
3295	207
3296	1.21
3297	Stoick the Vast
3298	Stoick
3299	Gerard Butler
3300	December 28, 1996
3301	Pam Tillis
3302	Marty Stuart
3303	Baby Animals
3304	76th season
3305	"Appalachia"
3306	a representation of West Virginia
3307	Massachusetts
3308	"The Commonwealth"
3309	city of Boston
3310	wasteland
3311	fallout shelter
3312	Vault
3313	Cleveland Indians
3314	Detroit Tigers
3315	Akshay Kumar
3316	Bhumi Pednekar
3317	November 3, 2015
3318	November 8, 2011
3319	November 6, 2007
3320	January 30, 2000
3321	Superbowl 34
3322	Super Bowl XXXIV
3323	Nebula
3324	Gillan
3325	Karen Sheila Gillan
3326	Karen Gillan
3327	Davidson
3328	Charlotte Christian
3329	Charlotte Christian School
3330	March 30, 2014
3331	Estates General of 1789
3332	Estates General
3333	Tennis Court Oath
3334	Serment du Jeu de Paume
3335	five seconds
3336	30 seconds
3337	15 seconds
3338	5 seconds
3339	December 2, 2017
3340	December 3, 2005
3341	2005
3342	halftime
3343	February 7, 2010
3344	Super Bowl XLIV
3345	Luke the physician
3346	Anonymous non-eyewitness
3347	1543
3348	1566
3349	1617
3350	1873
3351	Mila Kunis
3352	Milena Markovna "Mila" Kunis
3353	Margaret Hamilton
3354	Margaret Brainard Hamilton
3355	Debra Winger
3356	Eliza Swenson
3357	Fauquier
3358	Loudoun
3359	Prince William
3360	Stafford
3361	Arlington
3362	Fairfax
3363	Alexandria
3364	Falls Church
3365	Manassas
3366	Manassas Park
3367	NOVA
3368	Judy Jetson
3369	Judy
3370	Janet Waldo
3371	Tiffany Renee Darwish
3372	Tiffany
3373	Danica McKellar
3374	Manchester United
3375	Man Utd
3376	Man U
3377	organ system
3378	provides form, support, stability, and movement to the body
3379	organ system that gives humans the ability to move
3380	Kristin Kreuk
3381	Linda Hamilton
3382	Kristin Laura Kreuk
3383	Linda Carroll Hamilton
3384	Brooklyn, New York City
3385	Astoria, Queens
3386	Alice Cooper
3387	Vincent Damon Furnier
3388	Mark Wayne Salling
3389	Mark Salling
3390	July 5, 2001
3391	61
3392	Cleveland Cavaliers
3393	Cavs
3394	104
3395	140
3396	200
3397	230
3398	275
3399	Nicki
3400	Nicki Marron
3401	Portman
3402	Greg Portman
3403	Tomas Arana
3404	Michele Lamar Richards
3405	November 5, 2012
3406	January 25, 2018
3407	"Pilot"
3408	"A Father's Advice"
3409	"Nine Bucks"
3410	"Strangers"
3411	George Peppard Jr.
3412	George Peppard
3413	Karl Malden
3414	James Arness
3415	David Foster, Evan Kopelson, Doyglas Pashley, and Linda Thompson-Jenner
3416	David Foster, Evan Kopelson, Douglas Pashley, Linda Thompson-Jenner
3417	LeMel Humes
3418	Peter Cetera
3419	Richard Patrick and Geno Lenardo
3420	Howard Johnson
3421	Chris Eaton
3422	Tin Woodman
3423	Tin Man
3424	Jack Haley
3425	July 30, 2018
3426	Howard Shore
3427	Adam Schlesinger
3428	Mike Piccirillo
3429	Rick Elias
3430	Scott Rogness
3431	Gary Goetzman
3432	Adam Lyons Schlesinger
3433	550,000
3434	Ultra Death
3435	Alex Ferguson
3436	FErguson
3437	Arsène Wenger
3438	Wenger
3439	Roger Federer
3440	Kunieda Shingo
3441	Shingo Kunieda
3442	国枝 慎吾
3443	Bob Bryan and Mike Bryan
3444	Bays of Pigs, Cuba
3445	Southwestern coast of Cuba
3446	Testis
3447	seminiferous tubules
3448	inner tubule wall
3449	epididymis
3450	Cape Gracias a Dios
3451	northeastern Central America
3452	Central America
3453	Louisiana
3454	nine
3455	Richard Petty
3456	Petty
3457	Jeff Gordon
3458	Richard Petty, Dale Earnhardt, and Jimmie Johnson
3459	Dale Earnhardt
3460	Jimmie Johnson
3461	Chevrolet
3462	Joe Gibbs Racing
3463	Louis C.K.
3464	Patton Oswalt
3465	Edward Fairfax Rochester
3466	Rochester
3467	Edward Rochester
3468	Judie McCourt
3469	Matt Johnson
3470	Jeff Brazier
3471	Danyl Johnson
3472	July 1, 1963
3473	ABC
3474	The Mosquitos
3475	The Monkees
3476	Mosquitos
3477	black dog
3478	62
3479	99
3480	626
3481	352
3482	235
3483	333
3484	Sybil Ludington
3485	Paul Revere
3486	Samuel Prescott
3487	Israel Bissell
3488	Robert Newman
3489	William Dawes
3490	Catherine Moore Barry
3491	Kate Barry
3492	John Jouett Jr.
3493	Jack Jouett
3494	Alonso
3495	Adrián Alonso
3496	Rica Matsumoto
3497	Matsumoto
3498	Charlie Daniels Band
3499	Charles Edward Daniels
3500	Charlie Daniels
3501	Keegan-Michael Key
3502	Conan O'Brien
3503	Seth Meyers
3504	August 19, 2018
3505	March 2, 2018
3506	27 March 2018
3507	13 September 2018
3508	January 2018
3509	Maia Morgenstern
3510	Monica Bellucci
3511	Morgenstern
3512	Bellucci
3513	Wilton
3514	Penelope Wilton
3515	Baeza
3516	Paloma Baeza
3517	seven
3518	Broderick Crawford
3519	members of the Victoria Police highway patrol
3520	Members of Victoria Police
3521	William Broderick Crawford
3522	Guy Moon
3523	Butch Hartman
3524	Deric Battiste and Guy Moon
3525	Deric Battiste
3526	Mathieu Orfila
3527	Paracelsus
3528	Theophrastus von Hohenheim
3529	Kristian Matsson
3530	Robert Wadlow
3531	Trijntje Keever
3532	Zeng Jinlian
3533	Shape of You
3534	7 Rings
3535	All I Want for Christmas is You
3536	Elizabeth Ann Perkins
3537	Elizabeth Perkins
3538	Kristen Johnston
3539	Kristen Angela Johnston
3540	John Sullivan
3541	Chas & Dave
3542	Equator
3543	Glen Campbell
3544	Julian Raymond
3545	slightly less than 50
3546	David Scott
3547	Richard Dormer
3548	70
3549	113
3550	James
3551	James David Rodríguez Rubio
3552	James Rodríguez
3553	Radamel Falcao García Zárate
3554	Radamel Falcao
3555	Mario Yepes
3556	Mario Alberto Yepes Díaz
3557	14 August 2018
3558	12 September 2017 - 2 October 2018
3559	Cornelius Brothers & Sister Rose
3560	The Chi-Lites
3561	Maxi Priest & Tumpa Lion
3562	The Barking Dogs
3563	Renée Geyer
3564	Pepe Marquez featuring Steve Salas
3565	shoulder of a beef animal
3566	shoulder of the animal
3567	shoulder
3568	adjacent to the heart of the shoulder clod, under the seven or paddle bone
3569	infraspinatus muscles
3570	infraspinatus muscles of beef
3571	Rachael MacFarlane
3572	Lacey Chabert
3573	24
3574	February 8, 1954
3575	Flag Day, June 14, 1954
3576	June 19, 2006
3577	February 26, 2008
3578	John the Baptist
3579	Middle East
3580	Tevilah
3581	The Miracles
3582	Billy Griffin
3583	Bobby Rogers, Ronnie White and Pete Moore
3584	Ronnie White
3585	Girls Aloud
3586	2015–16
3587	2013–14
3588	Don Lockwood and Fans
3589	Female Chorus (including Kathy Selden)
3590	Jimmy Thompson
3591	Harry Styles
3592	Jeff Bhasker
3593	Alex Salibian
3594	Mitch Rowland
3595	Tyler Johnson
3596	Ryan Nasci